Source,Target,Type,RTTD
-4,-6,Directed,20.529999999999998
-4,-7,Directed,282.84999999999997
-4,-8,Directed,14.409999999999998
-4,-9,Directed,114.07000000000002
-4,-10,Directed,3.0200000000000014
-4,-11,Directed,15.839999999999987
-4,-12,Directed,100.68
-4,-13,Directed,29.37
-4,-14,Directed,140.89
-4,-15,Directed,22.0
